model_index,f1_micro,f1_macro,accuracy
0,0.82749342918396,0.34737491607666016,0.82749342918396
